Time,RPM,Speed,nGear,Throttle,Brake,DRS,Source,Distance,X,Y,Z
0 days 00:00:00,11805.002508416454,287.4121568246278,7,100.0,False,0,interpolation,0.1206530093818805,3357.067775833077,896.046807977214,132.88117041417175
0 days 00:00:00.026000,11808.942539187612,287.5203994282311,7,100.0,False,0,pos,2.225607737605493,3359.0,878.0,133.0
0 days 00:00:01.102000,11972.0,292.0,7,100.0,False,0,car,89.52194444444446,3373.322742818329,-99.68920331561043,128.99868472153975
0 days 00:00:01.107000,11970.597240177778,292.0138887111111,7,100.0,False,0,pos,89.92842628585358,3373.0,-104.0,129.0
0 days 00:00:01.462000,11871.0,293.0,7,100.0,False,0,car,118.82194444444445,3343.8023139782567,-378.1337502972079,129.93347421598872
0 days 00:00:01.487000,11839.1247552,292.6874976,7,100.0,False,0,pos,120.86117176318362,3342.0,-393.0,130.0
0 days 00:00:01.702000,11565.0,290.0,7,100.0,True,0,car,138.1552777777778,3329.891013622968,-491.0113319755893,130.40410909749107
0 days 00:00:01.907000,10932.916864,270.63889493333335,7,43.055573333333335,True,0,pos,153.2320911973217,3314.0,-628.0,131.0
0 days 00:00:02.062000,10455.0,256.0,7,0.0,True,0,car,163.7552777777778,3294.614168937991,-805.012247011636,131.85436918213756
0 days 00:00:02.087000,10342.945568,252.9642624,7,0.0,True,0,pos,165.39115570398687,3292.0,-831.0,132.0
0 days 00:00:02.342000,9200.0,222.0,7,0.0,True,0,car,181.02194444444447,3281.07964851932,-996.3848316431785,133.41605243776263
0 days 00:00:02.507000,9379.02493056,198.90000896,7,0.0,True,0,pos,189.97934652972992,3281.0,-1057.0,134.0
0 days 00:00:02.542000,9417.0,194.0,7,0.0,True,0,car,191.79972222222224,3281.0726252946106,-1068.912057440501,134.07061388761753
0 days 00:00:02.702000,10264.0,181.0,7,0.0,True,0,car,199.8441666666667,3281.907453786716,-1119.6021687123073,134.15836607471113
0 days 00:00:02.827000,10806.49972224,174.12500352,7,0.0,True,0,pos,205.78713788874387,3285.0,-1163.0,134.0
0 days 00:00:02.902000,11132.0,170.0,6,0.0,True,0,car,209.28861111111115,3288.318655886481,-1192.5267176233388,133.81911333567214
0 days 00:00:03.062000,11471.0,166.0,4,0.0,True,0,car,216.66638888888892,3299.1652332417952,-1263.0851256577175,133.26051791580582
0 days 00:00:03.187000,11137.666837333334,159.22917013333333,4,0.0,True,0,pos,222.06463414701784,3312.0,-1316.0,133.0
0 days 00:00:03.302000,10831.0,153.0,3,0.0,True,0,car,226.86638888888893,3327.4333541197766,-1360.406267348636,132.9840495650502
0 days 00:00:03.367000,10683.44956416,151.69999616,3,0.0,True,0,pos,229.57435139246255,3338.0,-1384.0,133.0
0 days 00:00:03.427000,10547.25014528,150.50000128,3,0.0,True,0,pos,232.06757155130308,3349.0,-1405.0,133.0
0 days 00:00:03.502000,10377.0,149.0,3,0.0,True,0,car,235.1441666666667,3363.8559938783374,-1430.6749867030182,132.97303013979308
0 days 00:00:03.647000,10228.3748032,144.468744,3,0.0,True,0,pos,240.95213960726855,3396.0,-1478.0,133.0
0 days 00:00:03.662000,10213.0,144.0,3,0.0,False,0,car,241.5441666666667,3399.605263572763,-1482.6407094272342,133.02758750325012
0 days 00:00:03.822000,9927.0,140.0,3,0.0,False,0,car,247.76638888888894,3441.2363270236956,-1529.1434743525292,133.60969710578632
0 days 00:00:03.907000,9959.2291424,138.5833344,3,10.624991999999999,False,0,pos,251.00330404477984,3465.0,-1552.0,134.0
0 days 00:00:04.062000,10018.0,136.0,3,30.0,False,0,car,256.83305555555563,3510.546488467999,-1590.7725540984,134.71274681516346
0 days 00:00:04.167000,9854.3747008,135.1249984,3,32.0416704,False,0,pos,260.78349979031873,3543.0,-1615.0,135.0
0 days 00:00:04.347000,9573.875099733334,133.62500053333332,3,35.54166542222222,False,0,pos,267.47553811692,3601.0,-1653.0,135.0
0 days 00:00:04.422000,9457.0,133.0,3,37.0,False,0,car,270.1330555555556,3625.0975562064086,-1667.77241656944,135.0505392545966
0 days 00:00:04.487000,9574.97534848,130.23749184,3,30.98748224,False,0,pos,272.3651007450556,3646.0,-1680.0,135.0
0 days 00:00:04.707000,9974.27488384,120.88750272,3,10.637505919999999,False,0,pos,279.46579124111963,3716.0,-1717.0,134.0
0 days 00:00:04.822000,10183.0,116.0,2,0.0,True,0,car,283.0219444444445,3748.244717533863,-1734.0605891172784,134.43134865520528
0 days 00:00:04.927000,9553.373848685715,112.24999314285714,2,0.0,True,0,pos,286.2042660304793,3777.0,-1752.0,135.0
0 days 00:00:05.102000,8504.0,106.0,2,0.0,True,0,car,291.26638888888897,3828.0686856030106,-1793.7577355672663,135.12153677440907
0 days 00:00:05.226000,8115.614285714286,100.24285714285715,2,0.0,True,0,pos,294.55617673115574,3857.0,-1823.0,135.0
0 days 00:00:05.382000,7627.0,93.0,2,0.0,True,0,car,298.49972222222226,3876.1879781603457,-1851.0003877413624,134.97790929415808
0 days 00:00:05.542000,7318.0,90.0,2,0.0,True,0,car,302.49972222222226,3881.415492565083,-1874.2023202501746,135.02739570650766
0 days 00:00:05.626000,7152.45,87.55,2,0.0,True,0,pos,304.4815176844399,3884.0,-1889.0,135.0
0 days 00:00:05.782000,6845.0,83.0,2,0.0,True,0,car,308.0330555555556,3888.1193134228993,-1923.7367429783417,134.94627000198844
0 days 00:00:05.806000,6810.8,83.0,2,0.0,True,0,pos,308.5867003807956,3888.0,-1931.0,135.0
0 days 00:00:05.942000,6617.0,83.0,2,0.0,True,0,car,311.7219444444445,3882.297984900565,-1982.7989836146883,135.71654754350658
0 days 00:00:06.006000,6550.054411232291,81.393305869575,2,0.0,True,0,pos,313.139841603377,3879.0,-2004.0,136.0
0 days 00:00:06.181000,6367.0,77.0,2,0.0,False,0,car,316.8338888888889,3872.8493416589954,-2032.0272431625822,135.98645920164105
0 days 00:00:06.326000,6513.8124352,74.5833344,2,11.4791616,False,0,pos,319.77432283465373,3867.0,-2046.0,136.0
0 days 00:00:06.421000,6610.0,73.0,2,19.0,False,0,car,321.7005555555556,3861.1534654190164,-2060.6272746670907,136.3970238121321
0 days 00:00:06.526000,6610.0,74.04999936,2,19.0,False,0,pos,323.86612139327974,3853.0,-2080.0,137.0
0 days 00:00:06.621000,6610.0,75.0,2,19.0,False,0,car,325.86722222222227,3844.2551464517537,-2098.6061859438378,137.5020881278972
0 days 00:00:06.846000,7363.7497856,78.74999893333333,2,36.81249493333333,False,0,pos,330.79572449939013,3818.0,-2144.0,139.0
0 days 00:00:06.861000,7414.0,79.0,2,38.0,False,0,car,331.1338888888889,3815.943683613895,-2146.874073271832,139.1531290259607
0 days 00:00:07.027000,7749.458074666667,82.45833066666667,2,38.691666133333335,False,0,pos,334.96055564635583,3791.0,-2177.0,141.0
0 days 00:00:07.101000,7899.0,84.0,2,39.0,False,0,car,336.73388888888894,3779.0939236647264,-2189.2361400655936,141.48762031768035
0 days 00:00:07.247000,7949.37004416,87.6500032,2,41.55500224,False,0,pos,340.3749096900065,3753.0,-2211.0,142.0
0 days 00:00:07.487000,8032.17004416,93.6500032,2,45.75500224,False,0,pos,346.78694214580105,3701.0,-2239.0,143.0
0 days 00:00:07.501000,8037.0,94.0,2,46.0,False,0,car,347.1783333333334,3698.3379909958408,-2240.286028901577,143.04641508047732
0 days 00:00:07.707000,8897.517647127273,100.55454138181818,2,56.76817512727273,False,0,pos,353.15969428739703,3651.0,-2256.0,144.0
0 days 00:00:07.907000,9732.972192581818,106.91817774545454,2,67.22272058181818,False,0,pos,359.3074071990667,3543.0,-2270.0,147.0
0 days 00:00:07.941000,9875.0,108.0,2,69.0,False,0,car,360.3783333333334,3528.770439418153,-2271.5265963366737,147.43631908456265
0 days 00:00:08.142000,10536.0,116.0,2,76.0,False,0,car,366.855,3489.0539434562356,-2274.0606693315867,149.0400501318778
0 days 00:00:08.307000,11220.2341096,120.1249984,2,81.156248,False,0,pos,372.3298788849678,3456.0,-2273.0,151.0
0 days 00:00:08.462000,11863.0,124.0,2,86.0,False,0,car,377.87722222222226,3396.1789294810874,-2272.020623030695,154.27296817194537
0 days 00:00:08.547000,11799.4271312,129.1354128,2,88.4791648,False,0,pos,381.1937609039967,3361.0,-2271.0,156.0
0 days 00:00:08.847000,11575.051939733334,147.26042826666668,2,97.22917226666667,False,0,pos,394.13206170072135,3250.0,-2262.0,160.0
0 days 00:00:08.942000,11504.0,153.0,3,100.0,False,0,car,398.2772222222223,3210.256267032042,-2256.542189088333,161.34060798310568
0 days 00:00:09.047000,10908.1239104,156.281256,3,100.0,False,0,pos,402.8318370331657,3164.0,-2249.0,163.0
0 days 00:00:09.102000,10596.0,158.0,3,100.0,False,0,car,405.29944444444453,3139.6100585532727,-2244.4612683280143,163.94638280006328
0 days 00:00:09.347000,10919.74991542857,173.7499958857143,3,100.0,False,0,pos,417.26001403481627,3030.0,-2219.0,168.0
0 days 00:00:09.382000,10966.0,176.0,4,100.0,False,0,car,418.9883333333334,3014.3006735137906,-2214.5821482140673,168.35986968428546
0 days 00:00:09.447000,11150.92554624,176.0,4,100.0,False,0,pos,422.1743523712396,2985.0,-2206.0,169.0
0 days 00:00:09.582000,11535.0,176.0,4,100.0,False,0,car,428.76611111111123,2922.7241754656025,-2187.545108405102,170.83797787859237
0 days 00:00:09.607000,11480.31208,176.4687536,4,100.0,False,0,pos,429.9998413142341,2911.0,-2184.0,171.0
0 days 00:00:09.902000,10835.0,182.0,4,100.0,False,0,car,444.9438888888889,2768.4239310675543,-2138.5786122046975,168.54063016928524
0 days 00:00:09.947000,10844.321415314285,183.92856868571428,4,100.0,False,0,pos,447.2990293592073,2746.0,-2131.0,169.0
0 days 00:00:10.127000,10881.607182628572,191.64286537142857,4,100.0,False,0,pos,456.96461878544716,2655.0,-2099.0,174.0
0 days 00:00:10.182000,10893.0,194.0,5,100.0,False,0,car,460.0327777777779,2627.2326144492918,-2088.810716681179,175.3712672598001
0 days 00:00:10.367000,11296.917085866666,203.76389902222223,5,100.0,False,0,pos,470.79127145227386,2534.0,-2053.0,178.0
0 days 00:00:10.487000,11558.917085866666,210.09723235555555,5,100.0,False,0,pos,478.00711207750254,2473.0,-2028.0,178.0
0 days 00:00:10.542000,11679.0,213.0,5,100.0,False,0,car,481.33277777777784,2444.942044938378,-2015.854841373421,177.96005204900388
0 days 00:00:10.687000,11349.1245632,218.4375072,5,100.0,False,0,pos,490.1512297780628,2364.0,-1977.0,178.0
0 days 00:00:10.702000,11315.0,219.0,5,100.0,False,0,car,491.0661111111112,2354.13494031575,-1971.7853633864638,178.01208240315486
0 days 00:00:10.862000,10558.0,221.0,6,100.0,False,0,car,500.88833333333343,2230.228047121899,-1901.3239510841154,178.2215281794987
0 days 00:00:11.007000,10725.785936457143,225.66072045714284,6,100.0,False,0,pos,510.07208411877485,2129.0,-1840.0,178.0
0 days 00:00:11.142000,10882.0,230.0,6,100.0,False,0,car,518.7772222222222,2066.16242729893,-1799.2152420332945,177.16181042583378
0 days 00:00:11.167000,10918.2502784,230.6250048,6,100.0,False,0,pos,520.3939618312237,2054.0,-1791.0,177.0
0 days 00:00:11.302000,11114.0,234.0,6,100.0,False,0,car,529.1772222222222,1976.1646519918775,-1737.3217007561307,176.25185440299526
0 days 00:00:11.387000,11196.8749376,236.1249984,6,100.0,False,0,pos,534.8020981999849,1926.0,-1702.0,176.0
0 days 00:00:11.527000,11333.3751872,239.6250048,6,100.0,False,0,pos,544.2086401048498,1851.0,-1648.0,176.0
0 days 00:00:11.582000,11387.0,241.0,6,100.0,False,0,car,547.9216666666667,1821.4627553071339,-1626.4327530073763,176.01185719171772
0 days 00:00:11.746000,11399.3,243.46,6,100.0,False,0,pos,559.032681675879,1732.0,-1560.0,176.0
0 days 00:00:11.782000,11402.0,244.0,6,100.0,False,0,car,561.4772222222223,1712.5224894798778,-1545.221186061931,175.9983111989517
0 days 00:00:11.982000,11504.0,245.0,6,100.0,False,0,car,575.0883333333334,1605.1546869447516,-1461.706564042626,175.9999623389903
0 days 00:00:11.986000,11506.275,245.025,6,100.0,False,0,pos,575.3611754574,1603.0,-1460.0,176.0
0 days 00:00:12.142000,11595.0,246.0,6,100.0,False,0,car,586.0216666666668,1519.3586242128556,-1392.98294756963,176.0000777481828
0 days 00:00:12.166000,11603.625,246.15,6,100.0,False,0,pos,587.6649132882927,1507.0,-1383.0,176.0
0 days 00:00:12.366000,11675.5,247.4,6,100.0,False,0,pos,601.4013113143834,1401.0,-1297.0,176.0
0 days 00:00:12.462000,11710.0,248.0,6,100.0,False,0,car,608.0661111111112,1329.637033915311,-1239.3049726940135,176.00168368531604
0 days 00:00:12.606000,11609.92,248.0,6,30.159999999999997,False,0,pos,618.1193904491203,1220.0,-1151.0,176.0
0 days 00:00:12.662000,11571.0,248.0,6,3.0,True,0,car,621.8438888888891,1189.0525708342316,-1126.2300492727297,175.99505120227022
0 days 00:00:12.981000,9956.0,210.0,6,0.0,True,0,car,640.4522222222223,1086.4563165885384,-1042.1385827023335,175.98831894043843
0 days 00:00:13.006000,10030.999808,207.9687552,6,0.0,True,0,pos,641.8418222985229,1075.0,-1032.0,176.0
0 days 00:00:13.141000,10436.0,197.0,6,0.0,True,0,car,649.2077777777779,998.9484615712122,-963.4295848167285,176.08126132763724
0 days 00:00:13.206000,10387.8594224,192.1250048,6,0.0,True,0,pos,652.5634531687874,965.0,-932.0,176.0
0 days 00:00:13.461000,10199.0,173.0,5,0.0,True,0,car,664.5855555555556,891.5302502857184,-856.557671979742,174.49992556593378
0 days 00:00:13.607000,9820.395122618182,165.36817512727274,5,0.0,True,0,pos,670.9006835942738,864.0,-822.0,174.0
0 days 00:00:13.767000,9405.486031709092,157.00453876363636,5,0.0,True,0,pos,677.4498579333454,830.0,-776.0,174.0
0 days 00:00:13.901000,9058.0,150.0,4,0.0,True,0,car,682.9188888888889,800.3289514351151,-729.1653727591428,172.54778362272236
0 days 00:00:13.947000,9017.750112,149.1375024,4,0.0,True,0,pos,684.8024263397936,791.0,-713.0,172.0
0 days 00:00:14.061000,8918.0,147.0,4,0.0,True,0,car,689.4522222222222,771.0303764445604,-674.8536089716175,170.93656231800696
0 days 00:00:14.187000,8847.44007168,144.48000256,4,0.0,True,0,pos,694.4735876558324,755.0,-629.0,170.0
0 days 00:00:14.261000,8806.0,143.0,4,0.0,False,0,car,697.3966666666666,748.9816486938856,-596.5757425420059,169.43325387481235
0 days 00:00:14.461000,8468.0,141.0,4,11.0,False,0,car,705.23,743.3835385273221,-509.37496217630587,168.1033885319307
0 days 00:00:14.527000,8573.731582004086,139.0298462980605,4,22.164204310990428,False,0,pos,707.728748743561,743.0,-502.0,168.0
0 days 00:00:14.547000,8605.770983091259,138.4328388243865,4,25.547246661809883,False,0,pos,708.4755870609453,743.0,-502.0,168.0
0 days 00:00:14.662000,8790.0,135.0,4,45.0,False,0,car,712.7675,747.5561030660372,-461.76769976445814,167.0585644412427
0 days 00:00:14.747000,8843.12496,136.0624992,4,51.7291616,False,0,pos,715.9891596371231,753.0,-416.0,166.0
0 days 00:00:14.902000,8940.0,138.0,4,64.0,False,0,car,721.9675,762.1616682528845,-350.6091181969515,164.52637266333986
0 days 00:00:15.067000,9285.124866133334,142.1249984,4,79.12499413333333,False,0,pos,728.477477337377,769.0,-292.0,163.0
0 days 00:00:15.142000,9442.0,144.0,4,86.0,False,0,car,731.5675,770.4534830982552,-263.8117046402858,162.10142850572842
0 days 00:00:15.967000,11220.234109495652,171.79891951304347,4,98.55435074782609,False,0,pos,771.5160795744348,700.0,88.0,146.0
0 days 00:00:16.062000,11425.0,175.0,4,100.0,False,0,car,776.2897222222223,677.4673534199995,128.19135423580897,143.93819219393762
0 days 00:00:16.167000,11486.250112,178.0625056,4,100.0,False,0,pos,781.5423025426452,649.0,172.0,142.0
0 days 00:00:16.302000,11565.0,182.0,4,100.0,False,0,car,788.4230555555555,607.5349537026867,227.36900344416114,140.51182033194902
0 days 00:00:16.347000,11490.97510528,183.91249728,4,100.0,False,0,pos,790.7988459227556,593.0,246.0,140.0
0 days 00:00:16.667000,10964.57510528,197.51249728,4,100.0,False,0,pos,808.5758380537402,485.0,382.0,135.0
0 days 00:00:16.702000,10907.0,199.0,5,100.0,False,0,car,810.5341666666667,473.13776191117176,396.62917814484763,134.57556050050573
0 days 00:00:16.862000,11223.0,202.0,5,100.0,False,0,car,819.5119444444442,416.02300081560884,466.5214585759618,133.04549334302092
0 days 00:00:16.867000,11232.708209066666,202.20833066666665,5,100.0,False,0,pos,819.7979236416961,414.0,469.0,133.0
0 days 00:00:17.102000,11689.0,212.0,5,100.0,False,0,car,833.6452777777777,310.8381734618844,595.740305001066,131.03004646164675
0 days 00:00:17.107000,11689.8124896,212.10416533333333,5,100.0,False,0,pos,833.943968992169,309.0,598.0,131.0
0 days 00:00:17.342000,11728.0,217.0,5,100.0,False,0,car,848.1119444444442,241.31128302468244,680.2710146935822,130.1075407740397
0 days 00:00:17.367000,11728.0,217.75000576,5,100.0,False,0,pos,849.6428469746991,233.0,690.0,130.0
0 days 00:00:17.542000,11728.0,223.0,6,100.0,False,0,car,860.5008333333333,161.91071097783052,771.126170588644,129.10258460394215
0 days 00:00:17.587000,11426.5004288,224.406248,6,100.0,False,0,pos,863.3301955112858,143.0,792.0,129.0
0 days 00:00:17.702000,10656.0,228.0,6,100.0,False,0,car,870.6341666666666,96.62406475144644,841.5728087117045,129.15088722108922
0 days 00:00:17.907000,10920.96241728,232.09999872,6,100.0,False,0,pos,883.9497347307109,0.0,934.0,130.0
0 days 00:00:18.102000,11173.0,236.0,6,100.0,False,0,car,896.8563888888888,-134.80549943538884,1049.3065107216,130.01028012799975
0 days 00:00:18.127000,11196.958517333333,236.52083733333333,6,100.0,False,0,pos,898.5204822546591,-150.0,1062.0,130.0
0 days 00:00:18.342000,11403.0,241.0,6,100.0,False,0,car,912.9230555555554,-240.58485794097592,1135.5060198866513,130.00699295274495
0 days 00:00:18.486000,11477.7,243.7,6,100.0,False,0,pos,922.6756996786104,-298.0,1180.0,130.0
0 days 00:00:18.502000,11486.0,244.0,6,100.0,False,0,car,923.7674999999998,-305.5851279419092,1185.8567692589445,129.99467230580441
0 days 00:00:18.646000,11564.48,246.88,6,100.0,False,0,pos,933.6728119926323,-385.0,1248.0,130.0
0 days 00:00:18.702000,11595.0,248.0,6,100.0,False,0,car,937.5452777777778,-421.6052551351679,1277.9855560468482,130.12361713005217
0 days 00:00:18.926000,11738.733333333334,249.86666666666667,6,100.0,False,0,pos,953.0958450003386,-580.0,1422.0,131.0
0 days 00:00:18.942000,11749.0,250.0,6,100.0,False,0,car,954.2119444444443,-589.814798783934,1432.6482339417666,131.03911142802087
0 days 00:00:19.142000,11791.0,252.0,6,73.0,False,0,car,968.2119444444443,-689.8961988224228,1565.5388424003254,131.15106595303362
0 days 00:00:19.266000,11815.85648840361,252.0,6,72.71753990450443,False,0,pos,976.8876013314615,-733.0,1633.0,131.0
0 days 00:00:19.581000,11879.0,252.0,6,72.0,False,0,car,998.9419444444443,-789.5944396418915,1740.7937440722972,130.21115252274222
0 days 00:00:19.706000,11905.5624864,253.04166613333334,6,76.16666453333333,False,0,pos,1007.7487740849994,-819.0,1828.0,130.0
0 days 00:00:19.821000,11930.0,254.0,6,80.0,False,0,car,1015.8752777777778,-857.915975572237,1951.3915571782977,129.9355763146517
0 days 00:00:19.986000,11970.562484266668,254.68749973333334,6,93.74999466666667,False,0,pos,1027.5636148530914,-913.0,2134.0,130.0
0 days 00:00:20.061000,11989.0,255.0,6,100.0,False,0,car,1032.8752777777777,-927.1467251593159,2184.88228379736,130.05929546206474
0 days 00:00:20.221000,11917.0,255.0,6,100.0,False,0,car,1044.208611111111,-934.7990074922374,2228.377479717775,130.23100103378326
0 days 00:00:20.387000,11053.207808914285,256.7785700571429,6,100.0,False,0,pos,1056.0882136964406,-936.0,2303.0,130.0
0 days 00:00:20.501000,10460.0,258.0,6,100.0,False,0,car,1064.2752777777778,-939.712096251156,2404.5117159652473,129.47365888873904
0 days 00:00:20.607000,10526.25008,258.0,6,100.0,False,0,pos,1071.8787921027586,-943.0,2504.0,129.0
0 days 00:00:20.701000,10585.0,258.0,7,100.0,False,0,car,1078.608611111111,-944.073784549425,2572.5492586194932,128.80658171375893
0 days 00:00:20.907000,10597.834885549635,257.35825572251827,7,100.0,False,0,pos,1093.3028880069992,-942.0,2691.0,129.0
0 days 00:00:21.022000,10605.0,257.0,7,100.0,False,0,car,1101.5244444444443,-939.769595215191,2769.9166505629537,129.35345183596036
0 days 00:00:21.167000,10629.569476977778,258.20833493333333,7,100.0,False,0,pos,1111.944563727349,-936.0,2877.0,130.0
0 days 00:00:21.347000,10660.0694336,259.7083328,7,100.0,False,0,pos,1124.975621567245,-930.0,3007.0,131.0
0 days 00:00:21.382000,10666.0,260.0,7,100.0,False,0,car,1127.5244444444445,-928.7533431535503,3032.271511360788,131.1959710506707
0 days 00:00:21.507000,10447.250112,260.0,7,21.87504,False,0,pos,1136.6173020155954,-924.0,3122.0,132.0
0 days 00:00:21.542000,10386.0,260.0,7,0.0,True,0,car,1139.0800000000002,-922.5011923858198,3146.5508651018395,132.31523760935295
0 days 00:00:21.782000,9759.0,230.0,7,0.0,True,0,car,1154.4133333333334,-911.9715816197053,3304.2095124289667,135.39418967756836
0 days 00:00:21.827000,9712.071495314285,223.41072365714285,7,0.0,True,0,pos,1156.962328082369,-911.0,3330.0,136.0
0 days 00:00:21.987000,9545.214352457142,199.98215222857144,7,0.0,True,0,pos,1165.2891976635156,-912.0,3418.0,138.0
0 days 00:00:22.062000,9467.0,189.0,7,0.0,True,0,car,1169.1133333333335,-916.2856987257402,3470.676933274441,138.72586835882083
0 days 00:00:22.247000,9361.395723733332,182.83332693333332,7,0.0,True,0,pos,1178.5568737181377,-933.0,3609.0,140.0
0 days 00:00:22.302000,9330.0,181.0,6,0.0,True,0,car,1181.18,-937.2446711522348,3637.6352268718088,140.30762514556162
0 days 00:00:22.462000,9139.0,156.0,6,0.0,True,0,car,1188.1133333333335,-946.9753164230053,3683.9104031390007,141.03885430948202
0 days 00:00:22.667000,9407.363552581819,143.8863674181818,6,0.0,True,0,pos,1195.9099501832984,-967.0,3732.0,142.0
0 days 00:00:22.827000,9616.818098036363,134.43182196363637,6,0.0,True,0,pos,1201.444165437971,-994.0,3793.0,143.0
0 days 00:00:22.902000,9715.0,130.0,6,0.0,True,0,car,1204.0022222222224,-1006.5882758963428,3817.4449262307553,143.59016526886
0 days 00:00:23.047000,9149.4992512,124.30356388571428,6,0.0,True,0,pos,1208.8845454212171,-1036.0,3859.0,145.0
0 days 00:00:23.182000,8623.0,119.0,5,0.0,True,0,car,1213.2577777777778,-1081.7199748663231,3903.102755348001,146.68458865975248
0 days 00:00:23.307000,8144.354411733333,113.79166933333333,5,0.0,True,0,pos,1217.0807906231958,-1123.0,3938.0,148.0
0 days 00:00:23.422000,7704.0,109.0,3,0.0,True,0,car,1220.5244444444445,-1146.3747991814116,3956.2750845623996,148.5552488525192
0 days 00:00:23.622000,7638.0,108.0,3,0.0,True,0,car,1226.5244444444445,-1173.1887736703352,3965.6096515105924,148.69891006220658
0 days 00:00:23.687000,7518.832981333333,106.10416106666666,3,0.0,True,0,pos,1228.3971054094657,-1192.0,3969.0,149.0
0 days 00:00:23.862000,7198.0,101.0,3,0.0,False,0,car,1233.2577777777778,-1268.402351162332,3980.8497896026697,150.51211870144098
0 days 00:00:23.927000,7318.6566064,99.7812464,3,3.2500096,False,0,pos,1235.0365846630543,-1293.0,3984.0,151.0
0 days 00:00:24.022000,7495.0,98.0,3,8.0,False,0,car,1237.6133333333335,-1317.646219643631,3986.093504835419,151.4503047873822
0 days 00:00:24.182000,7480.0,97.0,3,23.0,False,0,car,1241.9244444444446,-1338.517453811989,3984.2343324200183,151.7600114837678
0 days 00:00:24.247000,7597.65034752,98.30000384,3,28.85001728,False,0,pos,1243.7269438478932,-1350.0,3983.0,152.0
0 days 00:00:24.427000,7923.44988416,101.89999872,3,45.049994240000004,False,0,pos,1248.9198135980268,-1395.0,3979.0,153.0
0 days 00:00:24.582000,8204.0,105.0,3,59.0,False,0,car,1253.5911111111113,-1442.979710623255,3975.26253387657,153.58365612585655
0 days 00:00:24.687000,8431.7191664,108.281256,3,63.921884,False,0,pos,1256.8513866743237,-1477.0,3973.0,154.0
0 days 00:00:24.866000,8819.925,113.875,3,72.3125,False,0,pos,1262.614638170529,-1533.0,3970.0,155.0
0 days 00:00:24.902000,8898.0,115.0,3,74.0,False,0,car,1263.8133333333335,-1543.2686385628956,3969.421569485408,155.19939479005052
0 days 00:00:25.166000,9157.285714285714,125.37142857142857,3,84.37142857142857,False,0,pos,1273.0292477343191,-1634.0,3974.0,157.0
0 days 00:00:25.182000,9173.0,126.0,3,85.0,False,0,car,1273.6133333333335,-1643.3735818622804,3975.735627108157,157.18313132077373
0 days 00:00:25.326000,8669.0,134.1,3,82.3,False,0,pos,1279.001378194831,-1739.0,3997.0,159.0
0 days 00:00:25.342000,8613.0,135.0,3,82.0,False,0,car,1279.6133333333335,-1747.895665495845,3999.236028863281,159.15446721289982
0 days 00:00:25.702000,9179.0,144.0,3,75.0,False,0,car,1294.0133333333335,-1833.159580297371,4038.2969087216015,159.74213427790406
0 days 00:00:25.806000,9482.333333333334,147.9,3,77.16666666666667,False,0,pos,1298.3677231796128,-1858.0,4058.0,160.0
0 days 00:00:25.942000,9879.0,153.0,4,80.0,False,0,car,1304.2133333333336,-1903.7053061530598,4093.217236714967,160.8021972218806
0 days 00:00:25.966000,9911.736392907409,153.90376544836406,4,80.50209191575782,False,0,pos,1305.2666632504195,-1912.0,4100.0,161.0
0 days 00:00:26.166000,10184.539667135821,161.43514418473126,4,84.68619121373959,False,0,pos,1314.27881592842,-1977.0,4161.0,163.0
0 days 00:00:26.181000,10205.0,162.0,4,85.0,False,0,car,1314.9683333333337,-1981.6957080275897,4166.057357692857,163.12035995415727
0 days 00:00:26.366000,10633.0225792,166.204544,4,91.306816,False,0,pos,1323.61378034772,-2036.0,4231.0,164.0
0 days 00:00:26.526000,11003.204397381818,169.84090763636362,4,96.76136145454545,False,0,pos,1331.311999096603,-2074.0,4284.0,164.0
0 days 00:00:26.621000,11223.0,172.0,4,100.0,False,0,car,1335.9905555555558,-2101.7797593843416,4328.406505776584,164.0078782746688
0 days 00:00:26.667000,11311.741419733333,174.10832746666668,4,100.0,False,0,pos,1338.2849245285222,-2115.0,4351.0,164.0
0 days 00:00:26.861000,11686.0,183.0,4,100.0,False,0,car,1348.1905555555559,-2159.716350916309,4440.182994507612,163.78305469315853
0 days 00:00:26.967000,11308.185258057143,186.78571885714285,4,100.0,False,0,pos,1353.7877232395294,-2180.0,4490.0,164.0
0 days 00:00:27.127000,10737.89954377143,192.50000457142858,4,100.0,False,0,pos,1362.4378859728238,-2208.0,4571.0,165.0
0 days 00:00:27.141000,10688.0,193.0,5,100.0,False,0,car,1363.2016666666668,-2210.269145365489,4578.323453599869,165.08033484466404
0 days 00:00:27.447000,11072.854007138461,197.1192324923077,5,100.0,False,0,pos,1380.1527800813883,-2252.0,4741.0,166.0
0 days 00:00:27.607000,11274.08477636923,199.27307864615383,5,100.0,False,0,pos,1389.084219015718,-2269.0,4829.0,166.0
0 days 00:00:27.661000,11342.0,200.0,5,100.0,False,0,car,1392.090555555556,-2275.8208010540193,4872.316973964211,165.840494755695
0 days 00:00:27.827000,11486.647229781836,200.0,5,100.0,False,0,pos,1401.309931955238,-2297.0,5020.0,165.0
0 days 00:00:27.902000,11552.0,200.0,5,100.0,False,0,car,1405.4794444444449,-2302.523875970348,5059.083193870061,164.64993547132724
0 days 00:00:28.127000,11318.5623008,200.0,5,100.0,False,0,pos,1417.988265804432,-2311.0,5126.0,164.0
0 days 00:00:28.142000,11303.0,200.0,5,100.0,False,0,car,1418.8127777777781,-2311.9494645431205,5134.091375044613,163.99500677407272
0 days 00:00:28.382000,10625.0,200.0,6,100.0,False,0,car,1432.1461111111116,-2333.856990313774,5324.4410664711395,164.61392472600656
0 days 00:00:28.447000,10717.2190224,206.7031448,6,100.0,False,0,pos,1436.096612865778,-2339.0,5370.0,165.0
0 days 00:00:28.702000,11079.0,233.0,6,100.0,False,0,car,1452.8572222222228,-2351.657173338555,5487.919419138624,166.92372743760976
0 days 00:00:28.747000,11153.02489472,234.79999744,6,100.0,False,0,pos,1455.8581075271895,-2354.0,5511.0,167.0
0 days 00:00:28.902000,11408.0,241.0,6,100.0,False,0,car,1466.2461111111118,-2363.7649567942226,5608.953715268504,166.35046944096177
0 days 00:00:28.967000,11476.972425955555,242.26389262222222,6,100.0,False,0,pos,1470.6527581699975,-2368.0,5653.0,166.0
0 days 00:00:29.262000,11790.0,248.0,6,100.0,False,0,car,1491.0461111111117,-2385.577017800395,5851.753796531465,165.096069050935
0 days 00:00:29.287000,11721.249472,248.51136756363636,6,100.0,False,0,pos,1492.8027108956449,-2387.0,5869.0,165.0
0 days 00:00:29.467000,11226.250176,252.19318050909092,6,100.0,False,0,pos,1505.5792400283021,-2397.0,5994.0,164.0
0 days 00:00:29.687000,10621.249472,256.69318574545457,6,100.0,False,0,pos,1521.3781315685997,-2409.0,6150.0,162.0
0 days 00:00:29.702000,10580.0,257.0,7,100.0,False,0,car,1522.457222222223,-2409.9608772818183,6163.713840641334,161.8998460757677
0 days 00:00:29.927000,10711.250112,259.8125024,7,100.0,False,0,pos,1538.6993823253945,-2425.0,6394.0,161.0
0 days 00:00:29.942000,10720.0,260.0,7,100.0,False,0,car,1539.7905555555562,-2425.7210031937634,6405.700682065829,160.93349026113333
0 days 00:00:30.227000,10908.812457600001,264.453124,7,100.0,False,0,pos,1560.7519424272907,-2433.0,6541.0,160.0
0 days 00:00:30.262000,10932.0,265.0,7,100.0,False,0,car,1563.346111111112,-2433.916387099344,6559.096659304282,160.17264144871754
0 days 00:00:30.462000,11067.0,268.0,7,100.0,False,0,car,1578.2350000000008,-2440.336797943954,6693.548474669722,162.38166397486063
0 days 00:00:30.547000,11097.6606912,268.9107136,7,100.0,False,0,pos,1584.6012696309713,-2443.0,6779.0,163.0
0 days 00:00:30.742000,11168.0,271.0,7,100.0,False,0,car,1599.3127777777786,-2447.918453375366,7016.397501711952,163.00767808105059
0 days 00:00:30.747000,11170.84996352,271.09999872,7,100.0,False,0,pos,1599.6924179004798,-2448.0,7021.0,163.0
0 days 00:00:30.942000,11282.0,275.0,7,100.0,False,0,car,1614.5905555555564,-2449.14860267402,7111.719510614762,162.74479275395223
0 days 00:00:31.047000,11331.0000896,276.1666688,7,100.0,False,0,pos,1622.677227054991,-2449.0,7158.0,163.0
0 days 00:00:31.227000,11414.999970133333,278.1666659555556,7,100.0,False,0,pos,1636.6388809203022,-2448.0,7297.0,164.0
0 days 00:00:31.302000,11450.0,279.0,7,100.0,False,0,car,1642.4905555555563,-2446.570684198911,7356.708048631752,163.88195808706658
0 days 00:00:31.466000,11505.008333333333,280.7083333333333,7,100.0,False,0,pos,1655.3555516737265,-2442.0,7483.0,163.0
0 days 00:00:31.606000,11551.966666666667,282.1666666666667,7,100.0,False,0,pos,1666.4092274753884,-2438.0,7592.0,163.0
0 days 00:00:31.782000,11611.0,284.0,7,100.0,False,0,car,1680.357222222223,-2430.1477604971533,7731.4527587671355,163.01377777013718
0 days 00:00:31.826000,11630.91,284.33,7,100.0,False,0,pos,1683.8520479533486,-2428.0,7765.0,163.0
0 days 00:00:32.046000,11730.46,285.98,7,100.0,False,0,pos,1701.3734055489906,-2415.0,7939.0,163.0
0 days 00:00:32.182000,11792.0,287.0,7,100.0,False,0,car,1712.2461111111122,-2399.118433950982,8101.853916559741,163.43324334777077
0 days 00:00:32.326000,11809.28,288.44,7,100.0,False,0,pos,1723.7950803155425,-2381.0,8273.0,164.0
0 days 00:00:32.382000,11816.0,289.0,7,100.0,False,0,car,1728.3016666666674,-2375.4794605105117,8322.349424237756,164.1540075990101
0 days 00:00:32.582000,11918.0,291.0,7,100.0,False,0,car,1744.4683333333344,-2362.341074369981,8424.122470300037,164.3881591129999
0 days 00:00:32.746000,11938.5,291.68333333333334,7,100.0,False,0,pos,1757.7623193819318,-2352.0,8497.0,164.0
0 days 00:00:32.822000,11948.0,292.0,7,100.0,False,0,car,1763.9350000000013,-2346.2017417353636,8539.534032427242,163.6095318433093
0 days 00:00:32.966000,11987.849040563908,292.9056600128161,7,100.0,False,0,pos,1775.6538644074606,-2328.0,8658.0,163.0
0 days 00:00:32.981000,11992.0,293.0,7,100.0,False,0,car,1776.8758333333346,-2324.949014785886,8675.726451472898,163.00181240271985
0 days 00:00:33.206000,11999.031248,293.46874986666666,7,100.0,False,0,pos,1795.2282575640957,-2270.0,8978.0,164.0
0 days 00:00:33.461000,12007.0,294.0,7,100.0,False,0,car,1816.0758333333345,-2274.7442104023244,8964.189114561534,164.09510910631454
0 days 00:00:33.567000,12001.6999936,294.0,7,100.0,False,0,pos,1824.7555725527063,-2262.0,9020.0,164.0
0 days 00:00:33.747000,11992.7000064,294.0,7,100.0,False,0,pos,1839.4547576911266,-2202.0,9291.0,164.0
0 days 00:00:33.781000,11991.0,294.0,7,100.0,False,0,car,1842.209166666668,-2192.983394358848,9331.212338965512,164.05659086350823
0 days 00:00:34.127000,11916.60997248,290.53999871999997,7,100.0,False,0,pos,1870.0126948983993,-2156.0,9481.0,165.0
0 days 00:00:34.181000,11905.0,290.0,7,100.0,True,0,car,1874.43138888889,-2148.180672544954,9512.578302010774,164.9254725440902
0 days 00:00:34.422000,11345.0,290.0,7,100.0,True,0,car,1893.8452777777788,-2100.4612949329953,9711.46154772513,164.01000952936332
0 days 00:00:34.487000,10889.998656,271.14994432000003,7,67.499904,True,0,pos,1898.3637860527213,-2089.0,9761.0,164.0
0 days 00:00:34.622000,9945.0,232.0,7,0.0,True,0,car,1906.734166666668,-2069.5433401664345,9848.415985375263,164.4951663605349
0 days 00:00:34.747000,9744.107245714285,216.375008,7,0.0,True,0,pos,1913.7314382146483,-2054.0,9920.0,165.0
0 days 00:00:34.902000,9495.0,197.0,7,0.0,True,0,car,1922.0563888888903,-2034.6164348997156,10007.459007343083,165.02502916983514
0 days 00:00:34.947000,9519.4687152,197.0,7,0.0,True,0,pos,1924.5537732546322,-2029.0,10032.0,165.0
0 days 00:00:35.062000,9582.0,197.0,6,0.0,True,0,car,1930.8119444444458,-2014.7061268257826,10092.348632542045,164.97020452183176
0 days 00:00:35.207000,10011.5630688,170.7187152,6,0.0,True,0,pos,1937.5865610677974,-1997.0,10163.0,165.0
0 days 00:00:35.222000,10056.0,168.0,6,0.0,True,0,car,1938.2786111111127,-1995.2035343400441,10169.91691506695,165.00716708528935
0 days 00:00:35.407000,9667.4995968,168.0,6,0.0,True,0,pos,1946.9432598393244,-1973.0,10250.0,165.0
0 days 00:00:35.422000,9636.0,168.0,5,0.0,True,0,car,1947.6119444444457,-1971.1008187602395,10256.201673095968,164.96626043495226
0 days 00:00:35.662000,8940.0,147.0,4,0.0,True,0,car,1957.411944444446,-1938.291598821988,10349.978457317418,163.94858727634258
0 days 00:00:35.727000,8802.145426133333,145.10416106666668,4,0.0,True,0,pos,1959.9692698560575,-1929.0,10373.0,164.0
0 days 00:00:35.902000,8431.0,140.0,4,0.0,True,0,car,1966.7452777777794,-1900.147280330018,10431.2734143083,164.98023886828582
0 days 00:00:35.907000,8424.229253333333,139.85416853333334,4,0.0,True,0,pos,1966.9349065613508,-1899.0,10433.0,165.0
0 days 00:00:36.142000,8106.0,133.0,4,0.0,False,0,car,1975.6119444444462,-1829.297805003217,10512.760185712265,165.0041215921121
0 days 00:00:36.147000,8107.805532444444,132.93055644444445,4,0.5138823111111112,False,0,pos,1975.7928479163113,-1828.0,10514.0,165.0
0 days 00:00:36.487000,8230.583402666667,128.20833066666665,4,35.45835306666667,False,0,pos,1987.8794843455148,-1755.0,10553.0,165.0
0 days 00:00:36.502000,8236.0,128.0,4,37.0,False,0,car,1988.4119444444461,-1749.787401625279,10554.586985466427,165.0065894294928
0 days 00:00:36.647000,8325.90011904,128.72500096,4,50.05001728,False,0,pos,1993.5827108464402,-1691.0,10571.0,165.0
0 days 00:00:36.702000,8360.0,129.0,4,55.0,False,0,car,1995.5786111111127,-1670.4134504790823,10575.498885643823,164.87812298682803
0 days 00:00:36.902000,9056.0,135.0,4,82.0,False,0,car,2003.0786111111127,-1595.4151654320542,10592.177503569917,164.02098647671545
0 days 00:00:36.907000,9060.652718222222,135.15277582222222,4,81.83333546666667,False,0,pos,2003.2718892449607,-1593.0,10593.0,164.0
0 days 00:00:37.187000,9321.208273777778,143.70833137777777,4,72.50000213333334,False,0,pos,2014.5471710855318,-1441.0,10658.0,163.0
0 days 00:00:37.262000,9391.0,146.0,4,70.0,False,0,car,2017.6786111111126,-1421.6646133571871,10666.368337883147,162.7699489487986
0 days 00:00:37.467000,9954.749824,151.85714102857142,4,74.39285577142857,False,0,pos,2026.4204821004503,-1391.0,10689.0,162.0
0 days 00:00:37.542000,10161.0,154.0,4,76.0,False,0,car,2029.6563888888904,-1360.0226549145746,10716.60195091047,161.5370184541357
0 days 00:00:37.702000,10456.0,157.0,4,76.0,False,0,car,2036.634166666668,-1263.9322255988227,10804.562385413585,160.35220523024418
0 days 00:00:37.787000,10563.94991872,160.39999744,4,80.2499968,False,0,pos,2040.4638411146475,-1225.0,10843.0,160.0
0 days 00:00:37.902000,10710.0,165.0,4,86.0,False,0,car,2045.8008333333348,-1194.4895704294509,10878.39118211062,159.94775451567943
0 days 00:00:38.066000,10974.45,171.15,4,95.56666666666666,False,0,pos,2053.702406681181,-1170.0,10921.0,160.0
0 days 00:00:38.142000,11097.0,174.0,4,100.0,False,0,car,2057.400833333335,-1153.0881809250923,10950.818690820015,159.69862139668422
0 days 00:00:38.266000,11275.766666666666,175.55,4,100.0,False,0,pos,2063.418759782068,-1122.0,11008.0,159.0
0 days 00:00:38.382000,11443.0,177.0,4,100.0,False,0,car,2069.2008333333347,-1096.317333011364,11061.975827558443,158.51564041023596
0 days 00:00:38.606000,10662.733333333334,191.0,4,100.0,False,0,pos,2081.129572647166,-1054.0,11170.0,158.0
0 days 00:00:38.622000,10607.0,192.0,4,100.0,False,0,car,2082.000833333335,-1051.1414135601403,11178.156086422105,157.97831075746728
0 days 00:00:38.782000,10607.0,198.0,5,100.0,False,0,car,2090.8008333333346,-1023.6593239849349,11261.91159744382,157.98878843097944
0 days 00:00:38.786000,10615.614285714286,198.1,5,100.0,False,0,pos,2091.0234498731093,-1023.0,11264.0,158.0
0 days 00:00:38.986000,11046.328571428572,203.1,5,100.0,False,0,pos,2102.338161891532,-991.0,11371.0,159.0
0 days 00:00:39.062000,11210.0,205.0,5,100.0,False,0,car,2106.745277777779,-978.3645170938605,11418.174431758911,159.14813553122357
0 days 00:00:39.266000,11406.633333333333,211.23333333333332,5,100.0,False,0,pos,2118.8862433862396,-945.0,11552.0,159.0
0 days 00:00:39.422000,11557.0,216.0,5,100.0,False,0,car,2128.345277777779,-924.6485679259265,11635.57954662924,159.17552651093507
0 days 00:00:39.586000,10937.368366763283,219.43096142434507,5,100.0,False,0,pos,2138.3628962833645,-905.0,11716.0,159.0
0 days 00:00:39.661000,10654.0,221.0,6,100.0,False,0,car,2143.0172222222236,-895.364424285789,11754.65082469586,158.54536396313347
0 days 00:00:39.766000,10774.22492672,223.88749824,6,100.0,False,0,pos,2149.641168471068,-881.0,11812.0,158.0
0 days 00:00:40.007000,11050.17014656,230.51500352,6,100.0,False,0,pos,2165.251507400012,-842.0,11973.0,159.0
0 days 00:00:40.061000,11112.0,232.0,6,100.0,False,0,car,2168.7950000000014,-831.3735808054364,12019.98972560434,158.9927544548448
0 days 00:00:40.301000,11318.0,239.0,6,100.0,False,0,car,2184.728333333335,-782.9160581999982,12245.551044472153,158.0040366826818
0 days 00:00:40.307000,11301.7253472,239.12499733333334,6,100.0,False,0,pos,2185.1311327049452,-782.0,12250.0,158.0
0 days 00:00:40.541000,10667.0,244.0,6,100.0,False,0,car,2200.9950000000013,-759.4342997619489,12368.775200324548,158.87892864120857
0 days 00:00:40.647000,10566.2998784,245.3250016,6,100.0,False,0,pos,2208.2421027290543,-750.0,12423.0,159.0
0 days 00:00:40.861000,10363.0,248.0,7,100.0,False,0,car,2223.0394444444455,-724.3645753256297,12569.44632005998,157.9976982329557
0 days 00:00:40.907000,10389.20367277554,248.956338422465,7,100.0,False,0,pos,2226.268302161427,-719.0,12600.0,158.0
0 days 00:00:41.087000,10491.74021478456,252.69854798483797,7,100.0,False,0,pos,2239.072637497866,-698.0,12723.0,159.0
0 days 00:00:41.287000,10605.669543872871,256.85655269609015,7,100.0,False,0,pos,2253.5192925159504,-663.0,12949.0,159.0
0 days 00:00:41.342000,10637.0,258.0,7,100.0,False,0,car,2257.5111111111123,-656.3468070726195,12992.377469624318,158.96502569882756
0 days 00:00:41.622000,10755.0,263.0,7,100.0,False,0,car,2277.966666666668,-640.3186194718116,13104.278167763254,158.99645627765773
0 days 00:00:41.647000,10775.6251584,263.37500288,7,100.0,False,0,pos,2279.80556085197,-638.0,13122.0,159.0
0 days 00:00:41.822000,10920.0,266.0,7,100.0,False,0,car,2292.744444444446,-614.3059174251189,13305.524665844847,159.00398169474917
0 days 00:00:41.967000,11003.3751104,267.8125024,7,100.0,False,0,pos,2303.5717520497756,-597.0,13443.0,159.0
0 days 00:00:42.142000,11104.0,270.0,7,100.0,False,0,car,2316.744444444446,-590.2877047682249,13505.732039253566,159.00449701512858
0 days 00:00:42.207000,11135.761457454546,270.44318312727273,7,100.0,False,0,pos,2321.6577298719476,-588.0,13533.0,159.0
0 days 00:00:42.467000,11262.80678690909,272.21590865454544,7,100.0,False,0,pos,2341.396846473223,-572.0,13729.0,159.0
0 days 00:00:42.582000,11319.0,273.0,7,100.0,False,0,car,2350.111111111112,-567.1261536496141,13803.62650598861,159.134493726872
0 days 00:00:42.767000,11319.0,273.0,7,100.0,False,0,pos,2364.1051619383575,-561.0,13959.0,159.0
0 days 00:00:42.822000,11319.0,273.0,7,100.0,False,0,car,2368.3111111111125,-558.538836886847,14037.189624613882,158.68744726935785
0 days 00:00:42.927000,11397.0938928,275.6250048,7,100.0,False,0,pos,2376.43409544364,-554.0,14191.0,158.0
0 days 00:00:43.142000,11557.0,281.0,7,100.0,False,0,car,2393.28888888889,-551.7341696453485,14295.531155420986,157.8771639788995
0 days 00:00:43.247000,11570.65002496,281.52500096,7,100.0,False,0,pos,2401.5058766710367,-552.0,14331.0,158.0
0 days 00:00:43.342000,11583.0,282.0,7,100.0,False,0,car,2408.9555555555567,-552.2377815835339,14387.017511473125,158.0448814135915
0 days 00:00:43.567000,11658.535778742857,284.41071634285714,7,100.0,False,0,pos,2426.749442620154,-553.0,14573.0,158.0
0 days 00:00:43.622000,11677.0,285.0,7,100.0,False,0,car,2431.1222222222236,-553.3016236256171,14616.887743550964,157.99138977865658
0 days 00:00:43.687000,11700.72507008,285.48750144,7,100.0,False,0,pos,2436.29945211261,-554.0,14668.0,158.0
0 days 00:00:43.947000,11795.62497664,287.43749952,7,100.0,False,0,pos,2457.1016753628905,-564.0,14874.0,158.0
0 days 00:00:44.022000,11823.0,288.0,7,100.0,False,0,car,2463.1222222222236,-569.0126629357252,14933.510704402215,157.59885974334577
0 days 00:00:44.127000,11816.7954432,288.2386368,7,99.0454528,False,0,pos,2471.563916230394,-578.0,15017.0,157.0
0 days 00:00:44.327000,11804.977261381819,288.69318225454543,7,97.22727098181818,False,0,pos,2487.6621354889317,-602.0,15175.0,157.0
0 days 00:00:44.462000,11797.0,289.0,7,96.0,False,0,car,2498.444444444446,-620.021987073218,15273.318792433534,157.0410546580729
0 days 00:00:44.666000,11752.8,285.6,7,14.400000000000006,False,0,pos,2514.592953950567,-657.0,15444.0,157.0
0 days 00:00:44.702000,11745.0,285.0,7,0.0,False,0,car,2517.4444444444457,-666.0998416747708,15483.17842391624,156.99776642283035
0 days 00:00:44.846000,11568.96,282.12,7,0.0,False,0,pos,2528.8846597862907,-704.0,15643.0,157.0
0 days 00:00:45.102000,11256.0,277.0,7,0.0,True,0,car,2548.2222222222235,-735.2124068734773,15778.365990564957,156.99988386060653
0 days 00:00:45.146000,11085.17,270.62,7,0.0,True,0,pos,2551.203762496145,-742.0,15808.0,157.0
0 days 00:00:45.426000,9998.07,230.02,7,0.0,True,0,pos,2568.137554482647,-803.0,16073.0,157.0
0 days 00:00:45.502000,9703.0,219.0,7,0.0,True,0,car,2572.555555555557,-813.3023596303063,16118.771164691007,156.9952134033579
0 days 00:00:45.662000,8955.0,205.0,7,0.0,True,0,car,2581.666666666668,-822.4522498593178,16162.622973322745,156.98082696571777
0 days 00:00:45.786000,8979.111111111111,189.5,7,0.0,True,0,pos,2587.826038096771,-830.0,16200.0,157.0
0 days 00:00:45.966000,9014.111111111111,167.0,7,0.0,True,0,pos,2595.4446462293918,-847.0,16284.0,157.0
0 days 00:00:46.022000,9025.0,160.0,7,0.0,True,0,car,2597.666666666668,-852.3615897431673,16312.943604321457,156.89222544857975
0 days 00:00:46.286000,9421.0,132.65714285714284,7,0.0,True,0,pos,2607.315325359861,-873.0,16440.0,156.0
0 days 00:00:46.302000,9445.0,131.0,7,0.0,True,0,car,2607.8555555555567,-873.759530642374,16445.342947144945,155.9728718495799
0 days 00:00:46.567000,9166.708318152563,114.38557123298884,7,0.0,True,0,pos,2616.116483594491,-879.0,16505.0,156.0
0 days 00:00:46.621000,9110.0,111.0,7,0.0,True,0,car,2617.6913888888903,-879.2895007446516,16519.41956676384,156.02889625654822
0 days 00:00:46.781000,9110.0,101.0,5,0.0,True,0,car,2622.180277777779,-879.0492116296319,16567.325017101437,156.00877199343492
0 days 00:00:46.787000,9072.850792533332,100.7750048,5,0.0,True,0,pos,2622.341948947358,-879.0,16569.0,156.0
0 days 00:00:47.021000,7624.0,92.0,3,0.0,True,0,car,2628.313611111112,-872.7949708129106,16626.05966781878,155.23658170024538
0 days 00:00:47.107000,7353.96040192,89.8500032,3,0.0,True,0,pos,2630.429046218995,-863.0,16648.0,155.0
0 days 00:00:47.221000,6996.0,87.0,2,0.0,True,0,car,2633.146944444445,-841.0546861569279,16680.423665339767,154.8493691718183
0 days 00:00:47.387000,6682.3133376941405,81.68327691007019,2,0.0,True,0,pos,2636.822870786255,-807.0,16721.0,155.0
0 days 00:00:47.502000,6465.0,78.0,2,0.0,True,0,car,2639.2352777777787,-796.978857671322,16731.996914726813,155.3966404305852
0 days 00:00:47.667000,6102.0001408,74.46428708571429,2,0.0,True,0,pos,2642.5727211270487,-782.0,16737.0,156.0
0 days 00:00:47.782000,5849.0,72.0,2,0.0,True,0,car,2644.8352777777786,-752.1554668848382,16746.04746693316,156.08889120124942
0 days 00:00:47.947000,5556.1251136,70.23214354285714,2,0.0,True,0,pos,2648.015573995588,-703.0,16760.0,156.0
0 days 00:00:48.062000,5352.0,69.0,2,0.0,True,0,car,2650.2019444444454,-684.7948380318817,16763.51296744565,156.0381247700812
0 days 00:00:48.287000,5066.9997568,67.1249984,2,0.0,True,0,pos,2654.3995790312642,-667.0,16759.0,156.0
0 days 00:00:48.302000,5048.0,67.0,2,0.0,True,0,car,2654.668611111112,-665.1368669763456,16758.428860857242,155.96642305144164
0 days 00:00:48.542000,5548.0,62.0,2,8.0,False,0,car,2658.8019444444453,-625.1416439368124,16745.249240406665,155.0881622244847
0 days 00:00:48.587000,5570.624967822222,62.12499982222222,2,9.499997866666666,False,0,pos,2659.5739494810114,-618.0,16742.0,155.0
0 days 00:00:48.767000,5661.125096533333,62.625000533333335,2,15.5000064,False,0,pos,2662.6944771448098,-593.0,16726.0,155.0
0 days 00:00:48.867000,5711.4027456,62.9027776,2,18.8333312,False,0,pos,2664.4708764032202,-579.0,16714.0,155.0
0 days 00:00:48.902000,5729.0,63.0,2,20.0,False,0,car,2665.1019444444455,-574.5138056587974,16709.766167085814,155.00030862212864
0 days 00:00:49.107000,5966.6718008,66.203124,2,25.7656232,False,0,pos,2668.899289667499,-551.0,16682.0,155.0
0 days 00:00:49.222000,6100.0,68.0,2,29.0,False,0,car,2671.1463888888898,-535.2469593196192,16657.971855603355,154.9455266848852
0 days 00:00:49.407000,6690.4589461333335,71.59722595555556,2,35.68056248888889,False,0,pos,2674.9801094620057,-512.0,16619.0,155.0
0 days 00:00:49.582000,7249.0,75.0,2,42.0,False,0,car,2678.6463888888898,-504.079277905342,16604.62309010041,155.5978809594747
0 days 00:00:49.787000,7733.6784201142855,75.0,2,50.78571154285714,False,0,pos,2682.8076337156604,-499.0,16591.0,156.0
0 days 00:00:49.862000,7911.0,75.0,2,54.0,False,0,car,2684.4797222222232,-494.0412429890048,16578.985064045988,155.76025343084763
0 days 00:00:50.027000,8438.9997952,87.3749952,2,56.74999893333333,False,0,pos,2688.628959024795,-478.0,16537.0,155.0
0 days 00:00:50.102000,8679.0,93.0,2,58.0,False,0,car,2690.679722222223,-468.94153055859425,16509.248662423466,154.9150715827127
0 days 00:00:50.227000,9165.16046537143,98.80356845714286,2,63.80356845714286,False,0,pos,2694.2840193947304,-454.0,16460.0,155.0
0 days 00:00:50.382000,9768.0,106.0,2,71.0,False,0,car,2698.9241666666676,-442.1639337366511,16417.06238232938,155.04370288008025
0 days 00:00:50.687000,10852.6569328,110.76562799999999,2,77.6718792,False,0,pos,2708.285768540616,-430.0,16352.0,155.0
0 days 00:00:50.702000,10906.0,111.0,2,78.0,False,0,car,2708.7908333333344,-429.2109173838625,16347.336305357863,154.9992897928445
0 days 00:00:50.867000,11303.64984576,127.4999936,2,81.29999872,False,0,pos,2714.7230897935933,-420.0,16290.0,155.0
0 days 00:00:50.902000,11388.0,131.0,2,82.0,False,0,car,2716.068611111112,-418.407343653693,16278.516260411165,155.00019183881682
0 days 00:00:51.007000,11376.71247936,136.51251008,2,86.72500864,False,0,pos,2720.286411854386,-414.0,16240.0,155.0
0 days 00:00:51.226000,11353.17,148.01,2,96.58,False,0,pos,2729.7147306783954,-402.0,16103.0,155.0
0 days 00:00:51.302000,11345.0,152.0,3,100.0,False,0,car,2732.957500000001,-399.00605662194835,16067.110341519718,155.00061754569543
0 days 00:00:51.502000,11501.0,152.0,3,100.0,False,0,car,2741.4019444444452,-395.1267982065985,16018.318850616495,155.00348903751373
0 days 00:00:51.666000,11501.0,157.27142857142857,3,100.0,False,0,pos,2748.653700566669,-391.0,15968.0,155.0
0 days 00:00:51.746000,11501.0,159.84285714285716,3,100.0,False,0,pos,2752.2816062643533,-388.0,15933.0,155.0
0 days 00:00:51.782000,11501.0,161.0,3,100.0,False,0,car,2753.924166666667,-386.57129830306707,15917.661091839766,155.0093747600817
0 days 00:00:51.942000,11501.0,166.0,4,100.0,False,0,car,2761.301944444445,-377.38583863365983,15846.278251385293,155.00614631736298
0 days 00:00:51.946000,11501.0,166.08333333333334,4,100.0,False,0,pos,2761.4881456132503,-377.0,15844.0,155.0
0 days 00:00:52.182000,11501.0,171.0,4,100.0,False,0,car,2772.701944444445,-342.7366070030012,15674.841992319376,154.1487863319832
0 days 00:00:52.226000,11499.9,172.98,4,100.0,False,0,pos,2774.875202924113,-337.0,15649.0,154.0
0 days 00:00:52.382000,11496.0,180.0,4,100.0,False,0,car,2782.701944444445,-322.69092209617963,15590.214864172263,153.6590109276113
0 days 00:00:52.622000,11973.0,180.0,4,100.0,False,0,car,2794.701944444445,-303.5125779888026,15535.465765466779,153.02152137763136
0 days 00:00:52.626000,11959.0,180.35,4,100.0,False,0,pos,2794.91313945999,-303.0,15534.0,153.0
0 days 00:00:52.862000,11133.0,201.0,4,100.0,False,0,car,2808.101944444445,-261.3385960001107,15416.255383032443,151.20127888397363
0 days 00:00:52.886000,11154.075263982735,201.6021503995067,4,100.0,False,0,pos,2809.4754037080925,-256.0,15402.0,151.0
0 days 00:00:53.127000,11365.706208411479,207.64874881175655,4,100.0,False,0,pos,2823.403808304099,-197.0,15253.0,149.0
0 days 00:00:53.141000,11378.0,208.0,4,100.0,False,0,car,2824.221944444445,-193.93704929685686,15245.503107761822,148.88437319011842
0 days 00:00:53.301000,11650.0,213.0,4,100.0,False,0,car,2833.6886111111116,-163.3846444937303,15172.21533940582,147.58138859302102
0 days 00:00:53.387000,11245.8006016,216.86999424,4,100.0,False,0,pos,2838.9491357576007,-146.0,15131.0,147.0
0 days 00:00:53.501000,10710.0,222.0,4,100.0,False,0,car,2846.0219444444447,-119.19672508357385,15067.364861139864,146.4232084665079
0 days 00:00:53.647000,10965.500224,222.0,4,100.0,False,0,pos,2855.025133540512,-79.0,14972.0,146.0
0 days 00:00:53.661000,10990.0,222.0,6,100.0,False,0,car,2855.8886111111115,-74.8271429581351,14962.117824143708,145.97750792719302
0 days 00:00:53.942000,10990.0,222.0,6,100.0,False,0,car,2873.216944444445,10.791978606662436,14759.847874656061,145.99838668134274
0 days 00:00:53.947000,10997.04990976,222.0,6,100.0,False,0,pos,2873.522660013124,12.0,14757.0,146.0
0 days 00:00:54.142000,11272.0,222.0,6,100.0,False,0,car,2885.5502777777783,46.99726297807136,14674.703810659292,146.01426776823865
0 days 00:00:54.267000,11304.8124832,230.74999552,6,100.0,False,0,pos,2893.8684383369273,70.0,14621.0,146.0
0 days 00:00:54.507000,11367.8124832,247.54999552,6,100.0,False,0,pos,2910.860665071535,131.0,14479.0,146.0
0 days 00:00:54.542000,11377.0,250.0,6,100.0,False,0,car,2913.328055555556,139.54892637317135,14459.056690977977,146.01788725273678
0 days 00:00:54.742000,9977.0,253.0,7,100.0,False,0,car,2927.3836111111113,192.9097209146316,14335.13498316124,146.05466450184147
0 days 00:00:54.767000,10021.773071127272,253.6250048,7,100.0,False,0,pos,2929.16484073361,203.0,14312.0,146.0
0 days 00:00:55.007000,10451.591252945454,259.6250048,7,100.0,False,0,pos,2946.659832508908,325.0,14034.0,145.0
0 days 00:00:55.182000,10765.0,264.0,7,100.0,False,0,car,2959.6502777777782,363.9965338137607,13944.288729256587,144.98644638949398
0 days 00:00:55.307000,10849.090866036364,265.7045445818182,7,100.0,False,0,pos,2968.976647856437,389.0,13886.0,145.0
0 days 00:00:55.607000,11050.909220072728,269.79545716363634,7,100.0,False,0,pos,2991.517642045617,501.0,13626.0,144.0
0 days 00:00:55.622000,11061.0,270.0,7,100.0,False,0,car,2992.6502777777782,505.7988051753357,13614.853356429818,143.9333903410943
0 days 00:00:55.902000,11167.0,273.0,7,100.0,False,0,car,3013.883611111112,569.3449590910672,13466.207609086081,142.47347851507618
0 days 00:00:55.967000,11205.1876128,273.54166826666665,7,100.0,False,0,pos,3018.8330845171768,584.0,13431.0,142.0
0 days 00:00:56.142000,11308.0,275.0,7,100.0,False,0,car,3032.2169444444453,630.0630440267417,13318.557211496034,140.38804529565178
0 days 00:00:56.247000,11252.218648,276.9687536,7,100.0,False,0,pos,3040.3157069276112,665.0,13233.0,139.0
0 days 00:00:56.302000,11223.0,278.0,7,100.0,False,0,car,3044.5725000000007,686.0457799464427,13181.566856127087,138.10819378184482
0 days 00:00:56.427000,11339.071369142857,278.89285668571426,7,100.0,False,0,pos,3054.273402066677,735.0,13062.0,136.0
0 days 00:00:56.582000,11483.0,280.0,7,100.0,False,0,car,3066.3502777777785,778.7526184188829,12954.765258318981,134.33058193363104
0 days 00:00:56.782000,11618.0,282.0,7,100.0,False,0,car,3082.016944444445,821.7373965932553,12845.510569566024,133.15210885340306
0 days 00:00:56.807000,11626.7500672,282.2678592,7,100.0,False,0,pos,3083.986050044739,828.0,12829.0,133.0
0 days 00:00:56.967000,11682.7500672,283.9821449142857,7,100.0,False,0,pos,3096.648090276525,872.0,12711.0,132.0
0 days 00:00:57.062000,11716.0,285.0,7,100.0,False,0,car,3104.183611111112,898.3986506057272,12640.187527538194,131.42891656556992
0 days 00:00:57.167000,11729.125024,285.52500096,7,100.0,False,0,pos,3112.512970884973,927.0,12562.0,131.0
0 days 00:00:57.262000,11741.0,286.0,7,100.0,False,0,car,3120.072500000001,952.1801596452951,12490.042762770292,130.96674939827983
0 days 00:00:57.427000,11814.01247168,287.64999936,7,100.0,False,0,pos,3133.3024047321164,994.0,12366.0,131.0
0 days 00:00:57.607000,11893.66258496,289.45000192,7,100.0,False,0,pos,3147.8433825908123,1039.0,12229.0,130.0
0 days 00:00:57.662000,11918.0,290.0,7,100.0,False,0,car,3152.2947222222233,1055.728617341483,12174.992968444672,129.85573262216212
0 days 00:00:57.866000,10898.0,291.45714285714286,7,100.0,False,0,pos,3168.8352062220088,1122.0,11952.0,130.0
0 days 00:00:57.942000,10518.0,292.0,7,100.0,False,0,car,3175.0058333333345,1139.8241633352136,11889.95766026412,130.0091241650361
0 days 00:00:58.006000,10512.285714285714,292.22857142857146,7,100.0,False,0,pos,3180.204826701533,1153.0,11843.0,130.0
0 days 00:00:58.186000,10496.214285714286,292.87142857142857,7,100.0,False,0,pos,3194.854035280986,1191.0,11702.0,130.0
0 days 00:00:58.222000,10493.0,293.0,8,100.0,False,0,car,3197.7947222222233,1200.5046954570948,11665.796200705869,130.0082298649466
0 days 00:00:58.466000,10545.46,294.83,8,100.0,False,0,pos,3217.8313959441443,1273.0,11385.0,130.0
0 days 00:00:58.622000,10579.0,296.0,8,100.0,False,0,car,3230.683611111112,1300.074390308307,11277.184057668996,129.65357614894143
0 days 00:00:58.886000,10629.16,296.66,8,100.0,False,0,pos,3252.4413513506415,1332.0,11145.0,129.0
0 days 00:00:58.966000,10644.36,296.86,8,100.0,False,0,pos,3259.050072435966,1348.0,11080.0,129.0
0 days 00:00:59.022000,10655.0,297.0,8,100.0,False,0,car,3263.683611111112,1358.9560424559745,11035.047327066526,129.02098881242034
0 days 00:00:59.246000,10682.066666666668,298.8666666666667,8,100.0,False,0,pos,3282.283469580593,1402.0,10854.0,129.0
0 days 00:00:59.262000,10684.0,299.0,8,100.0,False,0,car,3283.6169444444454,1405.518692492626,10839.026782599612,128.96799945859334
0 days 00:00:59.547000,10729.718739733333,300.7812496,8,100.0,False,0,pos,3307.486338881957,1474.0,10546.0,128.0
0 days 00:00:59.742000,10761.0,302.0,8,100.0,False,0,car,3323.883611111112,1510.4488718343628,10390.75615428313,127.92711151263183
0 days 00:00:59.947000,10798.688003799352,302.57103036059624,8,100.0,False,0,pos,3341.1378206835575,1543.0,10252.0,128.0
0 days 00:01:00.101000,10827.0,303.0,8,100.0,False,0,car,3354.0994444444455,1568.2076071335655,10143.459047705524,127.7570493618172
0 days 00:01:00.261000,10847.0,303.0,8,100.0,False,0,car,3367.5661111111126,1595.6715179562518,10024.8389821532,127.2159193949609
0 days 00:01:00.307000,10857.9249696,303.2874992,8,100.0,False,0,pos,3371.445789044395,1604.0,9989.0,127.0
0 days 00:01:00.421000,10885.0,304.0,8,100.0,False,0,car,3381.0772222222236,1625.4851915473728,9896.799968502844,126.34836326954523
0 days 00:01:00.547000,10897.5999872,304.62999936,8,100.0,False,0,pos,3391.741087978508,1650.0,9792.0,126.0
0 days 00:01:00.621000,10905.0,305.0,8,100.0,False,0,car,3398.0216666666684,1664.4337970165325,9730.489343734516,126.28077907658633
0 days 00:01:00.747000,10918.345783495732,305.78504608798426,8,100.0,False,0,pos,3408.7559736917974,1689.0,9626.0,127.0
0 days 00:01:00.907000,10935.292827373025,306.7819310219426,8,100.0,False,0,pos,3422.415494603001,1720.0,9494.0,127.0
0 days 00:01:00.942000,10939.0,307.0,8,100.0,False,0,car,3425.395833333335,1726.7589617398116,9465.075988513168,127.00846117506998
0 days 00:01:01.102000,10921.0,306.0,8,100.0,False,0,car,3438.9958333333348,1757.5859105507673,9332.46540663768,127.20618976515047
0 days 00:01:01.187000,10924.541664,306.3541664,8,100.0,False,0,pos,3446.233606744572,1774.0,9262.0,127.0
0 days 00:01:01.342000,10931.0,307.0,8,100.0,False,0,car,3459.4625000000015,1804.0319945643996,9133.200782561265,126.02026803384476
0 days 00:01:01.347000,10932.178556342857,307.0178569142857,8,100.0,False,0,pos,3459.8897135038465,1805.0,9129.0,126.0
0 days 00:01:01.547000,10979.321413485713,307.7321426285714,8,100.0,False,0,pos,3476.9994055737584,1843.0,8962.0,126.0
0 days 00:01:01.622000,10997.0,308.0,8,100.0,False,0,car,3483.418055555557,1856.156978219142,8904.960269073903,126.03505789420558
0 days 00:01:01.822000,10997.0,308.0,8,100.0,False,0,car,3500.5291666666685,1895.6760389948563,8734.776302728955,126.00030080309733
0 days 00:01:01.827000,10996.8750016,308.0,8,100.0,False,0,pos,3500.956873823252,1897.0,8729.0,126.0
0 days 00:01:01.982000,10993.0,308.0,8,100.0,False,0,car,3514.218055555557,1943.5974401867327,8524.269105141562,126.00434912092655
0 days 00:01:02.007000,10994.197925866667,308.05208373333335,8,100.0,False,0,pos,3516.358611096334,1950.0,8496.0,126.0
0 days 00:01:02.367000,11011.447925866667,308.80208373333335,8,100.0,False,0,pos,3547.2470912816216,1999.0,8278.0,126.0
0 days 00:01:02.462000,11016.0,309.0,8,100.0,False,0,car,3555.418055555557,2018.3710005717796,8193.520154557025,126.27969070137439
0 days 00:01:02.662000,11063.0,310.0,8,100.0,False,0,car,3572.640277777779,2066.0065908903325,7987.281860941272,126.99074362593873
0 days 00:01:02.667000,11063.0,310.0,8,100.0,False,0,pos,3573.0707740542357,2067.0,7983.0,127.0
0 days 00:01:02.927000,11063.0,310.0,8,100.0,False,0,pos,3595.4490125962543,2114.0,7782.0,127.0
0 days 00:01:03.022000,11063.0,310.0,8,100.0,False,0,car,3603.640277777779,2141.8635170947236,7663.2755199751355,126.97427366433871
0 days 00:01:03.167000,11069.3437584,310.9062512,8,100.0,False,0,pos,3616.1661413028546,2189.0,7463.0,127.0
0 days 00:01:03.182000,11070.0,311.0,8,100.0,False,0,car,3617.4625000000015,2193.1955616933883,7445.267501396554,127.00920991617676
0 days 00:01:03.382000,11091.0,311.0,8,100.0,False,0,car,3634.740277777779,2236.0820150323075,7266.030846470301,127.25112443172654
0 days 00:01:03.662000,11091.0,311.0,8,100.0,False,0,car,3658.9291666666677,2274.335913277361,7109.261136267272,127.92394756523731
0 days 00:01:03.687000,11090.204539345454,311.0568186181818,8,100.0,False,0,pos,3661.1144935748985,2278.0,7094.0,128.0
0 days 00:01:04.027000,11079.386365672728,311.8295453090909,8,100.0,False,0,pos,3690.899278803317,2334.0,6858.0,129.0
0 days 00:01:04.102000,11077.0,312.0,8,100.0,False,0,car,3697.0625000000014,2348.5726768195977,6796.7624998760275,129.03495370167093
0 days 00:01:04.227000,10779.130834327272,302.7670501818182,8,85.79546181818182,False,0,pos,3706.8443967787125,2374.0,6690.0,129.0
0 days 00:01:04.982000,8980.0,247.0,8,0.0,True,0,car,3757.4402777777786,2518.1340081589688,6079.625932305598,130.67801351430012
0 days 00:01:05.046000,8948.228571428572,244.02857142857144,8,0.0,True,0,pos,3761.7332320469704,2528.0,6038.0,131.0
0 days 00:01:05.246000,8848.942857142858,234.74285714285713,8,0.0,True,0,pos,3774.712950032543,2557.0,5912.0,132.0
0 days 00:01:05.262000,8841.0,234.0,8,0.0,True,0,car,3775.640277777779,2559.465294553354,5900.238173504452,132.03937469850695
0 days 00:01:05.486000,9167.666666666666,184.53333333333333,8,0.0,True,0,pos,3786.951538651026,2593.0,5726.0,132.0
0 days 00:01:05.502000,9191.0,181.0,8,0.0,True,0,car,3787.7069444444455,2594.6332678355257,5716.935223032904,131.99625862757517
0 days 00:01:05.702000,9636.0,165.0,7,0.0,True,0,car,3796.8736111111125,2603.8168964626,5656.556639786845,132.09931901395572
0 days 00:01:05.846000,9339.36,157.8,7,0.0,True,0,pos,3802.959191130574,2604.0,5620.0,132.0
0 days 00:01:06.102000,8812.0,145.0,4,0.0,True,0,car,3812.984722222224,2599.627593157693,5505.603351332048,131.14097763700624
0 days 00:01:06.167000,8709.8278232,143.1718696,4,0.0,True,0,pos,3815.4775738297412,2597.0,5482.0,131.0
0 days 00:01:06.387000,8364.0157256,136.9843768,4,0.0,True,0,pos,3823.774764877405,2581.0,5430.0,131.0
0 days 00:01:06.422000,8309.0,136.0,4,0.0,True,0,car,3825.0736111111123,2576.717324672655,5420.060807574515,131.02626547511423
0 days 00:01:06.661000,8166.0,131.0,4,18.0,False,0,car,3833.7705555555567,2536.5705345369865,5336.051632034213,131.06561222598094
0 days 00:01:06.687000,8166.0,130.47999744,4,20.34001152,False,0,pos,3834.6946312796226,2532.0,5328.0,131.0
0 days 00:01:06.861000,8166.0,127.0,4,36.0,False,0,car,3840.8261111111124,2500.7160579927304,5280.547382268378,130.19345710668213
0 days 00:01:06.927000,8236.007278628571,128.1785737142857,4,43.30715702857143,False,0,pos,3843.1892512829727,2484.0,5252.0,130.0
0 days 00:01:07.087000,8405.721564342857,131.03571657142857,4,61.02144274285715,False,0,pos,3849.052928581389,2434.0,5156.0,130.0
0 days 00:01:07.141000,8463.0,132.0,4,67.0,False,0,car,3851.0927777777792,2423.100276803115,5133.241333149203,129.95101085872363
0 days 00:01:07.382000,9089.0,141.0,4,69.0,False,0,car,3860.531944444446,2413.4822373531415,5094.783432945829,129.18630368675696
0 days 00:01:07.427000,9148.374915555556,141.62499911111112,4,69.49999928888889,False,0,pos,3862.3206325728397,2412.0,5085.0,129.0
0 days 00:01:07.687000,9491.430808888888,145.23611377777777,4,72.38889102222223,False,0,pos,3872.8216986677694,2397.0,4983.0,128.0
0 days 00:01:07.742000,9564.0,146.0,4,73.0,False,0,car,3875.1319444444457,2395.7021492736103,4951.13525033215,127.94249789952447
0 days 00:01:07.967000,9875.2502656,154.75000746666666,4,83.62500906666666,False,0,pos,3884.975544177374,2398.0,4813.0,128.0
0 days 00:01:08.102000,10062.0,160.0,4,90.0,False,0,car,3891.1319444444457,2400.1127177212247,4768.859331915035,127.59875559387656
0 days 00:01:08.287000,10493.667114666667,167.70834133333332,4,97.70834133333334,False,0,pos,3899.8264077961153,2406.0,4721.0,127.0
0 days 00:01:08.342000,10622.0,170.0,4,100.0,False,0,car,3902.4652777777787,2409.281647442711,4697.411060134812,126.98282399606052
0 days 00:01:08.447000,10918.6255424,173.0000054857143,4,100.0,False,0,pos,3907.5695626867787,2417.0,4645.0,127.0
0 days 00:01:08.622000,11413.0,178.0,4,100.0,False,0,car,3916.309722222223,2431.710034540946,4558.67901231653,126.44606135084707
0 days 00:01:08.767000,11602.95025152,182.71250624,4,100.0,False,0,pos,3923.826094622075,2446.0,4487.0,126.0
0 days 00:01:08.987000,11891.14991616,189.86249792,4,100.0,False,0,pos,3935.6267964022363,2472.0,4375.0,126.0
0 days 00:01:09.022000,11937.0,191.0,4,100.0,False,0,car,3937.531944444446,2476.636752725643,4356.72922498311,125.97628779460928
0 days 00:01:09.187000,11821.5000448,197.59999744,4,100.0,False,0,pos,3946.6234859342303,2500.0,4269.0,126.0
0 days 00:01:09.222000,11797.0,199.0,5,100.0,False,0,car,3948.5875000000005,2505.127018421864,4250.129095495803,126.17224343377885
0 days 00:01:09.347000,11330.12523904,203.99999744,5,100.0,False,0,pos,3955.7214263725587,2524.0,4182.0,127.0
0 days 00:01:09.422000,11050.0,207.0,5,100.0,False,0,car,3960.0875000000005,2535.981778688254,4140.523389439706,127.15887213824098
0 days 00:01:09.567000,11307.8284664,211.531256,5,100.0,False,0,pos,3968.7048880264533,2560.0,4059.0,127.0
0 days 00:01:09.742000,11619.0,217.0,5,100.0,False,0,car,3979.37638888889,2589.1399960826775,3957.9448485415296,127.00184192538067
0 days 00:01:09.747000,11600.541902933333,217.16666453333335,5,100.0,False,0,pos,3979.6849234834135,2590.0,3955.0,127.0
0 days 00:01:09.907000,11009.875236266667,222.49999786666666,5,100.0,False,0,pos,3989.6593581330326,2618.0,3860.0,127.0
0 days 00:01:09.982000,10733.0,225.0,5,100.0,False,0,car,3994.3763888888893,2630.398008475329,3816.747912040695,127.33951247421908
0 days 00:01:10.107000,10756.437488,227.3437488,5,100.0,False,0,pos,4002.279294454597,2652.0,3739.0,128.0
0 days 00:01:10.142000,10763.0,228.0,6,100.0,False,0,car,4004.5097222222225,2659.0233341362127,3713.347201882655,128.04359633024026
0 days 00:01:10.342000,10905.0,233.0,6,100.0,False,0,car,4017.4541666666673,2705.5430043544475,3541.1186268339807,127.26193672097658
0 days 00:01:10.427000,11026.4790752,235.4791648,6,100.0,False,0,pos,4023.078660363697,2723.0,3476.0,127.0
0 days 00:01:10.582000,11248.0,240.0,6,100.0,False,0,car,4033.454166666667,2747.3877058440303,3384.446549916871,127.04797837056768
0 days 00:01:10.782000,11598.0,242.0,6,100.0,False,0,car,4046.8986111111117,2769.168145917416,3300.6452904213816,127.80249114892148
0 days 00:01:10.907000,11674.5624608,245.1249984,6,100.0,False,0,pos,4055.499305403191,2787.0,3230.0,128.0
0 days 00:01:10.967000,11711.3126176,246.6250048,6,100.0,False,0,pos,4059.688069603716,2797.0,3190.0,128.0
0 days 00:01:11.102000,11794.0,250.0,6,100.0,False,0,car,4069.1208333333343,2819.637804755355,3098.859840203849,127.99764243307644
0 days 00:01:11.186000,11353.0,251.05,6,100.0,False,0,pos,4074.9840780983823,2834.0,3042.0,128.0
0 days 00:01:11.262000,10954.0,252.0,6,100.0,False,0,car,4080.320833333334,2847.3610247726824,2990.3603623773756,128.00053630786925
0 days 00:01:11.366000,10848.05,254.275,6,100.0,False,0,pos,4087.723228882096,2866.0,2919.0,128.0
0 days 00:01:11.582000,10628.0,259.0,7,100.0,False,0,car,4103.343055555556,2904.9724300672,2766.6401969593817,127.9998628692591
0 days 00:01:11.726000,10701.028571428571,260.54285714285714,7,100.0,False,0,pos,4113.795354089693,2930.0,2669.0,128.0
0 days 00:01:11.862000,10770.0,262.0,7,100.0,False,0,car,4123.720833333334,2953.293563619541,2579.5205876380346,128.00000697504916
0 days 00:01:11.906000,10801.9,262.825,7,100.0,False,0,pos,4126.9496094290225,2963.0,2542.0,128.0
0 days 00:01:12.022000,10886.0,265.0,7,100.0,False,0,car,4135.498611111112,2996.2542158676924,2412.461140677397,127.99998140434451
0 days 00:01:12.106000,10917.5,266.05,7,100.0,False,0,pos,4141.715567590157,3018.0,2328.0,128.0
0 days 00:01:12.182000,10946.0,267.0,7,100.0,False,0,car,4147.365277777779,3030.7739187791367,2279.171666374525,128.0000581536731
0 days 00:01:12.366000,11053.333333333334,269.0444444444444,7,100.0,False,0,pos,4161.163745526062,3049.0,2212.0,128.0
0 days 00:01:12.542000,11156.0,271.0,7,100.0,False,0,car,4174.465277777779,3081.584886772365,2088.151904666938,127.99912326362826
0 days 00:01:12.626000,11208.2,271.9,7,100.0,False,0,pos,4180.830671062329,3099.0,2022.0,128.0
0 days 00:01:12.822000,11330.0,274.0,7,100.0,False,0,car,4195.77638888889,3137.808155498058,1875.8596981441895,128.00695540496125
0 days 00:01:12.947000,11376.874976,276.3437488,7,100.0,False,0,pos,4205.437589672516,3161.0,1786.0,128.0
0 days 00:01:13.007000,11399.375072,277.4687536,7,100.0,False,0,pos,4210.110940774677,3172.0,1742.0,128.0
0 days 00:01:13.142000,11450.0,280.0,7,100.0,False,0,car,4220.665277777779,3204.8914042621973,1609.9101172733544,128.24137634842373
0 days 00:01:13.367000,11545.842892414703,282.0501153457691,7,100.0,False,0,pos,4238.359342897644,3263.0,1375.0,129.0
0 days 00:01:13.581000,11637.0,284.0,7,100.0,False,0,car,4255.2975000000015,3283.469737262625,1287.0867334183745,129.32674316265243
0 days 00:01:13.687000,11665.775663118124,284.8808876464732,7,100.0,False,0,pos,4263.72312670319,3294.0,1237.0,129.0
0 days 00:01:13.847000,11709.210573865586,286.2105277713955,7,100.0,False,0,pos,4276.483140461541,3319.0,1115.0,128.0
0 days 00:01:13.942000,11735.0,287.0,7,100.0,False,0,car,4284.077222222223,3333.7707008859074,1034.8956367404571,128.0914755539248
0 days 00:01:14.119000,11792.08256192,287.88500096,7,100.0,False,0,interpolation,4298.259298146314,3358.7798913454567,878.8485402474681,130.0618990636227
